{"0": 0.07307329773902893, "1": 0.06944696605205536, "2": 0.06643294543027878, "3": 0.06434180587530136}
