{"0": 1.7662416696548462, "1": 1.8160916566848755, "2": 1.009861707687378, "3": 0.8552772998809814}
